product, format, threads, cavity10.mtx, roadNet-PA.mtx, nlpkkt80.mtx, mac_econ_fwd500.mtx, thermomech_TK.mtx, PR02R.mtx, thermal2.mtx, FEM_3D_thermal1.mtx, olafu.mtx, amazon0302.mtx, adder_dcop_32.mtx, rdist2.mtx, olm1000.mtx, webbase-1M.mtx, cant.mtx, af_1_k101.mtx, mhd4800a.mtx, thermal1.mtx, cop20k_A.mtx, bcsstk17.mtx, raefsky2.mtx, cage4.mtx, Cube_Coup_dt0.mtx, mcfe.mtx, west2021.mtx, ML_Laplace.mtx, lung2.mtx, af23560.mtx, dc1.mtx
1, 1, 1,3.06307e+08,1.72678e+08,5.9566e+08,-1,1.09147e+08,3.47913e+08,3.11397e+08,1.10602e+08,3.96524e+08,2.90414e+08,-1,7.90473e+07,4.85207e+07,-1,5.20915e+08,6.26734e+08,3.25256e+07,3.29765e+08,1.53585e+08,1.01448e+08,3.02343e+08,502874,5.57827e+08,1.04695e+06,3.10588e+06,6.21045e+08,8.33075e+07,3.55517e+08,-1
1, 2, 1,6.64111e+08,3.22637e+08,6.49224e+08,1.83034e+08,3.18746e+08,6.27714e+08,4.15452e+08,1.42879e+08,5.56749e+08,3.07716e+08,2.64588e+07,4.4254e+08,1.97075e+08,3.96536e+08,5.8246e+08,6.55787e+08,3.51935e+07,4.17956e+08,4.93016e+08,3.51367e+08,5.2797e+08,877508,6.73264e+08,1.26637e+06,3.79115e+06,6.50955e+08,9.52393e+07,3.89443e+08,5.20952e+08
2, 1, 1, 2.95543e+08, 1.71486e+08, 6.00374e+08, -1, 2.55179e+08, 3.31796e+08, 3.08401e+08, 4.12197e+08, 4.47933e+08, 2.8626e+08, -1, 1.64072e+08, 5.78311e+07, -1, 5.0818e+08, 6.36102e+08, 1.97521e+08, 3.81265e+08, 1.51945e+08, 1.57799e+08, 5.23117e+08, 1.31737e+06, 5.25493e+08, 1.19225e+07, 5.74972e+07, 6.16609e+08, 2.60629e+08, 5.07221e+08, -1
2, 1, 2, 4.4288e+08, 2.62178e+08, 9.85248e+08, -1, 4.62448e+08, 5.36363e+08, 4.91728e+08, 7.60577e+08, 6.365e+08, 4.62897e+08, -1, 2.4389e+08, 2.35311e+08, -1, 7.85481e+08, 1.03322e+09, 4.28495e+08, 5.40593e+08, 2.31228e+08, 2.57402e+08, 7.73215e+08, 9.74789e+06, 8.70894e+08, 8.83935e+07, 1.60114e+08, 1.00042e+09, 4.4865e+08, 4.78484e+08, -1
2, 1, 3, 6.33596e+08, 4.07708e+08, 1.51583e+09, -1, 7.35571e+08, 7.97826e+08, 8.11206e+08, 1.20281e+09, 1.04374e+09, 6.95281e+08, -1, 3.7949e+08, 6.63334e+07, -1, 1.1868e+09, 1.44263e+09, 8.1596e+08, 8.57041e+08, 3.39422e+08, 3.92603e+08, 1.01097e+09, 424680, 1.30106e+09, 1.96739e+08, 1.3466e+08, 1.54259e+09, 7.05413e+08, 7.26971e+08, -1
2, 1, 4, 8.81443e+08, 5.38514e+08, 1.95026e+09, -1, 1.00711e+09, 1.10868e+09, 1.04878e+09, 1.6452e+09, 1.42854e+09, 9.20841e+08, -1, 5.18914e+08, 3.63803e+08, -1, 1.6117e+09, 2.02215e+09, 1.14563e+09, 1.21133e+09, 4.37966e+08, 5.45133e+08, 1.51564e+09, 3.39451e+06, 1.72934e+09, 5.59015e+08, 3.69906e+08, 1.98132e+09, 1.02902e+09, 1.01253e+09, -1
2, 1, 5, 7.76704e+08, 6.72455e+08, 2.43155e+09, -1, 1.25131e+09, 1.39958e+09, 1.26736e+09, 2.09728e+09, 1.75817e+09, 1.15376e+09, -1, 6.4838e+08, 6.82316e+08, -1, 2.02941e+09, 2.55643e+09, 1.43926e+09, 1.51542e+09, 5.26558e+08, 6.90038e+08, 1.92324e+09, 1.10557e+07, 2.16493e+09, 8.30224e+08, 4.95922e+08, 2.50028e+09, 1.27188e+09, 1.5598e+09, -1
2, 1, 6, 1.18529e+09, 7.961e+08, 2.94993e+09, -1, 1.49546e+09, 1.6562e+09, 1.40065e+09, 2.52162e+09, 2.1154e+09, 1.40462e+09, -1, 7.81612e+08, 8.3482e+08, -1, 2.43307e+09, 3.02769e+09, 1.71568e+09, 1.77397e+09, 6.14475e+08, 8.33148e+08, 2.33375e+09, 1.37663e+07, 2.55609e+09, 9.91791e+08, 5.98748e+08, 2.95444e+09, 1.51951e+09, 2.3989e+09, -1
2, 1, 7, 1.43075e+09, 9.26491e+08, 3.37927e+09, -1, 1.73604e+09, 1.92451e+09, 1.64026e+09, 2.97403e+09, 2.42158e+09, 1.62526e+09, -1, 8.93973e+08, 7.16358e+08, -1, 2.84841e+09, 3.5387e+09, 1.94693e+09, 2.05645e+09, 7.08763e+08, 9.41131e+08, 2.67241e+09, 1.23942e+07, 2.92692e+09, 1.10345e+09, 6.19524e+08, 3.44237e+09, 1.79303e+09, 2.87654e+09, -1
2, 1, 8, 1.64714e+09, 1.04607e+09, 3.83592e+09, -1, 1.94863e+09, 2.19214e+09, 1.84711e+09, 3.34388e+09, 2.75384e+09, 1.85645e+09, -1, 1.01319e+09, 7.80668e+08, -1, 3.24946e+09, 4.04537e+09, 2.21686e+09, 2.38303e+09, 8.09928e+08, 1.07096e+09, 3.04773e+09, 1.04329e+07, 3.11907e+09, 1.25661e+09, 6.83078e+08, 3.91542e+09, 2.01825e+09, 3.3037e+09, -1
2, 1, 9, 1.76638e+09, 1.12409e+09, 4.21645e+09, -1, 2.14055e+09, 2.447e+09, 1.98268e+09, 3.5934e+09, 3.07734e+09, 2.03198e+09, -1, 1.13216e+09, 8.25047e+08, -1, 3.44748e+09, 4.55172e+09, 2.44864e+09, 2.5674e+09, 9.0816e+08, 1.19989e+09, 3.38005e+09, 1.01647e+07, 3.5466e+09, 1.34185e+09, 7.44416e+08, 4.3735e+09, 2.23101e+09, 3.58251e+09, -1
2, 1, 10, 1.90768e+09, 1.23645e+09, 4.40654e+09, -1, 1.44494e+09, 2.63604e+09, 2.14841e+09, 4.0479e+09, 2.01975e+09, 2.21006e+09, -1, 1.24648e+09, 8.93676e+08, -1, 3.77274e+09, 4.94385e+09, 2.6429e+09, 2.78353e+09, 1.00181e+09, 1.33492e+09, 3.73853e+09, 1.04864e+07, 4.11166e+09, 1.34094e+09, 7.96139e+08, 4.69362e+09, 2.32771e+09, 3.8223e+09, -1
2, 1, 11, 2.15135e+09, 1.30559e+09, 4.44136e+09, -1, 1.53111e+09, 2.75204e+09, 2.00374e+09, 2.69077e+09, 2.05769e+09, 1.6797e+09, -1, 8.48266e+08, 8.37987e+08, -1, 4.10622e+09, 5.41156e+09, 2.81924e+09, 2.95745e+09, 1.09228e+09, 1.37163e+09, 3.96647e+09, 8.70977e+06, 4.55459e+09, 9.87228e+08, 8.43832e+08, 4.81985e+09, 2.62282e+09, 2.69171e+09, -1
2, 1, 12, 2.20811e+09, 1.15859e+09, 5.16294e+09, -1, 1.70285e+09, 2.84033e+09, 2.0944e+09, 2.52304e+09, 2.23511e+09, 1.68446e+09, -1, 8.19178e+08, 7.47371e+08, -1, 2.70961e+09, 5.92496e+09, 1.8586e+09, 1.97855e+09, 1.15834e+09, 1.4954e+09, 4.29019e+09, 8.73139e+06, 4.60327e+09, 1.04111e+09, 6.65206e+08, 4.67118e+09, 2.84426e+09, 2.77879e+09, -1
2, 1, 13, 2.20899e+09, 1.4712e+09, 5.24025e+09, -1, 1.68503e+09, 1.96107e+09, 2.34709e+09, 2.91761e+09, 2.2772e+09, 1.79312e+09, -1, 8.8104e+08, 7.66574e+08, -1, 2.63544e+09, 6.0231e+09, 1.90961e+09, 1.93016e+09, 1.21379e+09, 8.99733e+08, 2.72103e+09, 8.31086e+06, 4.98144e+09, 1.10164e+09, 6.32646e+08, 5.7662e+09, 3.17552e+09, 2.81451e+09, -1
2, 1, 14, 2.25332e+09, 1.55814e+09, 5.28001e+09, -1, 1.85081e+09, 1.91492e+09, 2.34234e+09, 3.01035e+09, 2.43676e+09, 1.84206e+09, -1, 9.48722e+08, 7.33973e+08, -1, 2.82699e+09, 6.29039e+09, 2.02045e+09, 2.13056e+09, 8.82845e+08, 9.24364e+08, 2.80502e+09, 7.62439e+06, 4.99462e+09, 1.14219e+09, 6.61615e+08, 6.17979e+09, 3.39125e+09, 2.98875e+09, -1
2, 1, 15, 2.41189e+09, 1.10155e+09, 5.36418e+09, -1, 1.99487e+09, 2.03445e+09, 2.02171e+09, 3.20343e+09, 2.59428e+09, 1.96668e+09, -1, 9.95875e+08, 7.22763e+08, -1, 3.0157e+09, 4.18667e+09, 2.14396e+09, 2.20556e+09, 9.2769e+08, 9.83607e+08, 2.97421e+09, 7.67891e+06, 5.15123e+09, 1.21749e+09, 6.49875e+08, 6.37673e+09, 3.48986e+09, 3.19304e+09, -1
2, 1, 16, 1.70054e+09, 1.08975e+09, 4.45321e+09, -1, 2.11344e+09, 2.12664e+09, 1.96608e+09, 3.40279e+09, 2.75714e+09, 2.04048e+09, -1, 1.07013e+09, 7.7235e+08, -1, 3.21487e+09, 3.98692e+09, 2.24548e+09, 2.32589e+09, 9.61843e+08, 1.03937e+09, 3.15536e+09, 7.64599e+06, 4.84374e+09, 1.29367e+09, 6.81029e+08, 6.60595e+09, 3.80152e+09, 3.39333e+09, -1
2, 1, 17, 1.75831e+09, 1.147e+09, 4.785e+09, -1, 2.155e+09, 2.21921e+09, 1.87633e+09, 3.59573e+09, 2.9171e+09, 2.16762e+09, -1, 1.13163e+09, 7.56488e+08, -1, 3.39467e+09, 4.16008e+09, 2.3284e+09, 2.46322e+09, 1.02957e+09, 1.10638e+09, 3.33271e+09, 7.75617e+06, 5.84611e+09, 1.31641e+09, 7.1066e+08, 4.45768e+09, 2.43463e+09, 3.60049e+09, -1
2, 1, 18, 1.8319e+09, 1.19228e+09, 4.11344e+09, -1, 2.2701e+09, 2.28923e+09, 1.87324e+09, 3.76633e+09, 3.08911e+09, 1.81611e+09, -1, 1.17799e+09, 7.93e+08, -1, 3.58832e+09, 4.36661e+09, 2.43554e+09, 2.60341e+09, 1.08446e+09, 1.16584e+09, 3.53819e+09, 7.52055e+06, 4.96742e+09, 1.37489e+09, 7.223e+08, 4.38606e+09, 2.45523e+09, 3.81267e+09, -1
2, 1, 19, 1.9058e+09, 1.26468e+09, 3.6144e+09, -1, 2.44524e+09, 2.34056e+09, 1.87599e+09, 4.00843e+09, 3.23071e+09, 2.33838e+09, -1, 1.24818e+09, 7.04675e+08, -1, 3.79609e+09, 4.55028e+09, 2.58151e+09, 2.71571e+09, 1.11376e+09, 1.23291e+09, 3.69941e+09, 7.30457e+06, 6.22719e+09, 1.38252e+09, 7.26147e+08, 4.46369e+09, 2.41945e+09, 3.99423e+09, -1
2, 1, 20, 1.97954e+09, 1.31034e+09, 3.82901e+09, -1, 2.56295e+09, 2.45784e+09, 2.38783e+09, 4.19901e+09, 3.34614e+09, 2.52095e+09, -1, 1.2854e+09, 7.50232e+06, -1, 3.98816e+09, 4.77144e+09, 2.67565e+09, 2.8588e+09, 1.15735e+09, 1.29073e+09, 3.8462e+09, 6.99527e+06, 6.58328e+09, 8.15732e+08, 7.50976e+08, 4.71955e+09, 2.52663e+09, 4.20101e+09, -1
2, 1, 21, 1.97535e+09, 1.35977e+09, 4.01842e+09, -1, 8.91796e+08, 2.5663e+09, 2.51288e+09, 4.3646e+09, 3.50777e+09, 2.63507e+09, -1, 1.21961e+08, 1.32124e+07, -1, 4.18966e+09, 4.8856e+09, 2.70703e+09, 2.97647e+09, 1.18481e+09, 1.34422e+09, 4.03528e+09, 7.15319e+06, 4.79408e+09, 1.0341e+09, 7.5592e+08, 4.80438e+09, 2.64518e+09, 4.38978e+09, -1
2, 1, 22, 2.18122e+09, 1.42218e+09, 4.19065e+09, -1, 9.27586e+08, 2.57877e+09, 2.57921e+09, 4.56451e+09, 1.41646e+09, 2.73305e+09, -1, 6.71632e+08, 1.09445e+08, -1, 4.30417e+09, 5.09646e+09, 2.73365e+09, 3.10027e+09, 1.13175e+09, 1.39843e+09, 4.18513e+09, 7.04242e+06, 4.66692e+09, 8.66236e+07, 1.29498e+07, 4.89965e+09, 2.77193e+09, 1.47239e+09, -1
2, 1, 23, 2.23802e+09, 1.45692e+09, 4.34126e+09, -1, 1.47156e+09, 2.65781e+09, 2.50979e+09, 1.37697e+09, 1.92217e+09, 2.89691e+09, -1, 1.24044e+09, 3.87823e+07, -1, 4.5471e+09, 5.22947e+09, 1.41398e+09, 1.58956e+09, 1.20029e+09, 1.46249e+09, 4.23229e+09, 235967, 4.77955e+09, 4.22031e+07, 1.06645e+07, 5.41632e+09, 2.88165e+09, 7.42753e+08, -1
2, 1, 24, 2.34817e+09, 1.48461e+09, 4.4272e+09, -1, 1.56874e+09, 2.66326e+09, 2.74282e+09, 6.58763e+08, 2.11178e+09, 3.05818e+09, -1, 1.31052e+09, 7.29621e+06, -1, 4.73777e+09, 4.98119e+09, 2.51007e+09, 1.5074e+09, 1.22747e+09, 1.53133e+09, 4.45722e+09, 1.70162e+06, 5.04829e+09, 5.33788e+07, 2.29396e+07, 5.46778e+09, 2.96949e+09, 3.16081e+09, -1
2, 1, 25, 2.38983e+09, 1.47226e+09, 4.57124e+09, -1, 1.57745e+09, 2.70944e+09, 2.40377e+09, 9.6442e+08, 3.88495e+09, 3.18527e+09, -1, 1.39727e+09, 8.64122e+06, -1, 4.9342e+09, 5.49478e+09, 2.99993e+09, 1.19949e+09, 1.23781e+09, 1.60583e+09, 4.11775e+09, 4.91536e+06, 5.19721e+09, 7.99362e+07, 2.22354e+07, 5.59201e+09, 3.06876e+09, 1.43952e+09, -1
2, 1, 26, 2.3807e+09, 1.51516e+09, 4.67566e+09, -1, 3.02941e+09, 2.79579e+09, 2.52268e+09, 6.3979e+08, 4.3228e+09, 3.31563e+09, -1, 1.43807e+09, 8.91171e+06, -1, 5.11991e+09, 5.74829e+09, 3.21517e+09, 1.01103e+09, 1.27315e+09, 1.66674e+09, 1.80187e+09, 4.87283e+06, 5.15102e+09, 8.96927e+07, 2.40807e+07, 5.84888e+09, 3.22431e+09, 9.16734e+08, -1
2, 1, 27, 2.49847e+09, 1.53495e+09, 4.81078e+09, -1, 3.4461e+09, 2.58094e+09, 2.73885e+09, 1.1412e+09, 4.57122e+09, 3.44316e+09, -1, 1.45308e+09, 8.13512e+06, -1, 5.30313e+09, 5.93734e+09, 1.73147e+09, 3.07101e+09, 1.26753e+09, 1.73022e+09, 1.1372e+09, 3.85112e+06, 5.39016e+09, 4.14802e+07, 2.58965e+07, 5.94511e+09, 3.36657e+09, 7.33835e+08, -1
2, 1, 28, 2.46764e+09, 1.52962e+09, 4.79068e+09, -1, 3.62377e+09, 2.63407e+09, 2.79088e+09, 7.90898e+08, 4.69626e+09, 3.3622e+09, -1, 1.50794e+09, 9.96649e+06, -1, 5.51252e+09, 5.92934e+09, 3.97029e+08, 4.01711e+09, 1.23153e+09, 1.65675e+09, 1.07093e+09, 2.95566e+06, 5.48836e+09, 3.9638e+07, 1.64267e+07, 6.10487e+09, 3.46321e+09, 1.26733e+09, -1
2, 1, 29, 2.52571e+09, 1.52909e+09, 4.96227e+09, -1, 3.73154e+09, 2.73014e+09, 2.817e+09, 7.15884e+08, 4.73048e+09, 3.70293e+09, -1, 1.54848e+09, 6.77119e+06, -1, 5.38708e+09, 6.03955e+09, 3.49468e+08, 4.29177e+09, 1.23875e+09, 1.85209e+09, 3.06977e+09, 3.17781e+06, 5.66522e+09, 6.19401e+07, 4.24963e+06, 6.27133e+09, 3.54033e+09, 7.57066e+08, -1
2, 1, 30, 2.62585e+09, 1.51731e+09, 4.99125e+09, -1, 3.90229e+09, 2.78034e+09, 2.85269e+09, 7.76212e+08, 5.00444e+09, 3.89689e+09, -1, 1.60085e+09, 5.79775e+06, -1, 5.71089e+09, 5.85985e+09, 1.81103e+09, 4.43122e+09, 1.25464e+09, 1.94239e+09, 1.60055e+09, 3.67213e+06, 5.67551e+09, 4.17647e+07, 1.6771e+07, 6.3904e+09, 1.25494e+09, 1.28492e+09, -1
2, 1, 31, 2.73554e+09, 1.56007e+09, 5.06711e+09, -1, 4.02463e+09, 2.81292e+09, 2.76753e+09, 7.15347e+08, 5.26733e+09, 4.02812e+09, -1, 3.80915e+07, 6.34743e+06, -1, 5.94226e+09, 6.12399e+09, 3.26238e+09, 4.25161e+09, 1.16231e+09, 2.00645e+09, 4.43387e+09, 4.83193e+06, 6.04773e+09, 4.68901e+07, 1.24039e+07, 6.78684e+09, 1.19287e+09, 8.99743e+08, -1
2, 1, 32, 2.7317e+09, 1.60491e+09, 5.14065e+09, -1, 4.10393e+09, 2.79139e+09, 2.90113e+09, 1.17989e+09, 5.36536e+09, 4.11783e+09, -1, 1.10927e+08, 1.25242e+07, -1, 6.14258e+09, 6.34994e+09, 3.56519e+09, 4.353e+09, 1.26452e+09, 2.06998e+09, 5.6376e+09, 3.23654e+06, 6.46334e+09, 4.16201e+07, 1.2142e+07, 6.82993e+09, 9.68396e+08, 7.20531e+08, -1
2, 1, 33, 2.74039e+09, 1.60592e+09, 5.14232e+09, -1, 4.30267e+09, 2.81038e+09, 2.86902e+09, 7.4026e+08, 5.6082e+09, 4.3159e+09, -1, 6.27325e+07, 8.34938e+06, -1, 6.28441e+09, 6.40255e+09, 3.95058e+09, 4.4893e+09, 1.27386e+09, 2.12327e+09, 5.79445e+09, 273846, 6.00934e+09, 4.36065e+07, 1.77266e+07, 6.96592e+09, 1.17715e+09, 3.59555e+09, -1
2, 1, 34, 2.73004e+09, 1.61834e+09, 5.21302e+09, -1, 4.45764e+09, 2.72544e+09, 3.0189e+09, 3.61894e+09, 5.1461e+09, 4.48002e+09, -1, 1.288e+08, 9.94961e+06, -1, 6.15698e+09, 6.51613e+09, 1.3336e+09, 4.62369e+09, 1.2866e+09, 2.18866e+09, 9.55334e+08, 1.02279e+06, 6.38711e+09, 6.80328e+07, 1.49813e+07, 6.98478e+09, 8.75474e+08, 6.15583e+09, -1
2, 1, 35, 2.67256e+08, 1.61354e+09, 5.24084e+09, -1, 4.46759e+09, 2.78672e+09, 2.83847e+09, 6.24731e+09, 5.77149e+09, 4.61382e+09, -1, 1.59328e+08, 9.12354e+06, -1, 6.50593e+09, 6.43927e+09, 3.275e+08, 4.77669e+09, 1.28145e+09, 2.25805e+09, 6.82378e+08, 2.5327e+06, 6.55354e+09, 7.121e+07, 1.34748e+07, 7.14533e+09, 8.13771e+08, 6.7266e+09, -1
2, 1, 36, 1.65902e+08, 1.57757e+09, 5.15504e+09, -1, 4.5933e+09, 2.79124e+09, 3.40852e+09, 6.89292e+09, 6.08604e+09, 4.82031e+09, -1, 1.01044e+08, 1.19016e+07, -1, 6.45645e+09, 6.56759e+09, 4.55019e+08, 4.90808e+09, 1.29139e+09, 2.31027e+09, 1.49725e+09, 1.18607e+06, 6.74138e+09, 4.37304e+07, 1.20374e+07, 7.19906e+09, 1.58704e+09, 6.81763e+09, -1
2, 1, 37, 1.08166e+09, 1.57135e+09, 5.10085e+09, -1, 4.72051e+09, 2.7991e+09, 2.90937e+09, 6.99214e+09, 6.17409e+09, 4.99641e+09, -1, 1.54907e+08, 7.41341e+06, -1, 6.57767e+09, 6.6232e+09, 2.21072e+09, 4.67102e+09, 1.29327e+09, 2.38422e+09, 4.69055e+09, 105010, 6.41169e+09, 3.9505e+07, 2.0593e+07, 7.17428e+09, 1.1865e+09, 7.04248e+09, -1
2, 1, 38, 2.51761e+09, 1.56999e+09, 5.1287e+09, -1, 4.84207e+09, 2.7956e+09, 2.90872e+09, 7.10909e+09, 6.37244e+09, 5.00101e+09, -1, 1.63134e+08, 6.62944e+06, -1, 6.23704e+09, 6.64609e+09, 3.59586e+09, 5.17397e+09, 1.28993e+09, 2.43744e+09, 2.81873e+09, 119510, 6.52619e+09, 2.95005e+08, 1.2522e+07, 7.08565e+09, 8.98243e+08, 7.19625e+09, -1
2, 1, 39, 2.99903e+09, 1.58329e+09, 5.21519e+09, -1, 4.93189e+09, 2.80091e+09, 3.08939e+09, 7.40864e+09, 6.56538e+09, 5.18129e+09, -1, 1.02175e+08, 7.81103e+06, -1, 6.49904e+09, 6.56402e+09, 4.01869e+09, 5.31198e+09, 1.31893e+09, 2.49481e+09, 5.9794e+09, 995416, 6.58515e+09, 8.48534e+07, 2.42913e+07, 6.49449e+09, 8.22133e+08, 7.34009e+09, -1
2, 1, 40, 3.11244e+09, 1.57387e+09, 5.25123e+09, -1, 5.00381e+09, 2.54586e+09, 3.37748e+09, 7.33887e+09, 6.71601e+09, 5.32264e+09, -1, 1.13128e+08, 9.26279e+06, -1, 6.56539e+09, 6.61702e+09, 7.98629e+08, 5.48599e+09, 1.31228e+09, 2.54473e+09, 8.03341e+08, 3.48475e+06, 6.64404e+09, 4.10476e+07, 8.38775e+06, 7.23744e+09, 1.0744e+09, 7.50415e+09, -1
2, 2, 1, 1.2043e+09, 4.25033e+08, 1.13396e+09, 5.2905e+08, 6.52583e+08, 1.16116e+09, 6.24031e+08, 7.35085e+08, 1.17611e+09, 4.03735e+08, 3.37892e+08, 5.19289e+08, 1.13958e+08, 5.36107e+08, 1.12613e+09, 1.22805e+09, 2.90492e+08, 8.03813e+08, 6.1004e+08, 1.08549e+09, 1.02796e+09, 2.31077e+06, 1.21406e+09, 1.23042e+07, 4.17354e+08, 1.17798e+09, 4.10161e+08, 1.07984e+09, 8.28665e+08
2, 2, 2, 1.57222e+09, 6.19324e+08, 1.73652e+09, 1.09024e+09, 9.05997e+08, 1.81994e+09, 1.01165e+09, 1.48454e+09, 1.71549e+09, 6.32716e+08, 4.70202e+08, 1.08135e+09, 4.25635e+08, 8.03246e+08, 1.68488e+09, 1.92159e+09, 7.21373e+08, 1.142e+09, 1.02931e+09, 1.34419e+09, 1.55814e+09, 1.71069e+07, 1.83728e+09, 1.09321e+08, 5.58842e+08, 1.81749e+09, 9.2368e+08, 1.44164e+09, 1.09497e+09
2, 2, 3, 2.3794e+09, 9.56744e+08, 2.59343e+09, 1.78501e+09, 1.45733e+09, 2.73808e+09, 1.47738e+09, 2.46444e+09, 2.43179e+09, 9.85082e+08, 8.63464e+08, 1.78759e+09, 6.49206e+07, 1.14515e+09, 2.6834e+09, 2.8736e+09, 1.22441e+09, 1.73366e+09, 1.54822e+09, 2.27366e+09, 2.61395e+09, 418150, 2.7005e+09, 1.75983e+08, 1.26693e+08, 2.69705e+09, 1.58789e+09, 2.36247e+09, 1.51974e+09
2, 2, 4, 2.92266e+09, 1.2693e+09, 3.4954e+09, 2.60263e+09, 2.05203e+09, 3.70814e+09, 1.95005e+09, 3.39999e+09, 3.25435e+09, 1.26079e+09, 1.34228e+08, 2.50052e+09, 2.71584e+08, 1.42635e+09, 3.57898e+09, 3.69357e+09, 1.73345e+09, 2.14015e+09, 1.56752e+09, 3.03471e+09, 3.38193e+09, 3.27407e+06, 3.28413e+09, 9.70861e+08, 6.57192e+08, 3.45437e+09, 2.2158e+09, 3.27707e+09, 1.88828e+09
2, 2, 5, 3.48516e+09, 1.53189e+09, 4.05797e+09, 3.23104e+09, 2.61223e+09, 4.33719e+09, 2.35079e+09, 4.28192e+09, 4.16297e+09, 1.57795e+09, 7.43827e+08, 3.10018e+09, 6.34474e+08, 1.64995e+09, 4.49335e+09, 4.2566e+09, 2.18969e+09, 2.95604e+09, 1.5489e+09, 3.83503e+09, 4.16073e+09, 9.16358e+06, 4.56759e+09, 2.02776e+09, 1.22061e+09, 4.11288e+09, 2.77999e+09, 4.08668e+09, 2.23902e+09
2, 2, 6, 3.79042e+09, 1.77327e+09, 4.42172e+09, 3.82404e+09, 3.12597e+09, 5.04737e+09, 2.74701e+09, 5.14186e+09, 5.10846e+09, 1.90074e+09, 1.54236e+09, 3.72566e+09, 8.00684e+08, 1.83208e+09, 5.33021e+09, 4.70587e+09, 2.63536e+09, 3.65182e+09, 1.53152e+09, 4.51241e+09, 5.02129e+09, 1.16071e+07, 5.22374e+09, 2.63185e+09, 1.47861e+09, 4.40409e+09, 3.3417e+09, 4.86127e+09, 2.46718e+09
2, 2, 7, 2.34528e+09, 2.10216e+09, 4.56778e+09, 4.45991e+09, 3.62501e+09, 5.34433e+09, 2.90692e+09, 5.90247e+09, 5.94898e+09, 2.22079e+09, 1.85371e+09, 4.11487e+09, 8.73317e+08, 2.038e+09, 5.60234e+09, 4.74138e+09, 2.96763e+09, 4.14589e+09, 1.81699e+09, 5.19218e+09, 5.57017e+09, 1.08381e+07, 5.65491e+09, 2.95464e+09, 1.33067e+09, 4.77074e+09, 3.89685e+09, 5.66275e+09, 2.60765e+09
2, 2, 8, 3.8638e+09, 2.38825e+09, 4.5973e+09, 4.98935e+09, 4.03412e+09, 5.47517e+09, 3.13683e+09, 6.77342e+09, 6.7422e+09, 2.56669e+09, 1.31727e+09, 4.55663e+09, 7.37215e+08, 2.19047e+09, 5.72373e+09, 4.90745e+09, 3.38848e+09, 4.67083e+09, 2.06977e+09, 5.95185e+09, 6.31722e+09, 9.12848e+06, 5.87347e+09, 2.80028e+09, 1.34165e+09, 4.97243e+09, 4.4429e+09, 6.23225e+09, 2.78043e+09
2, 2, 9, 5.08246e+09, 2.5903e+09, 4.72339e+09, 5.41127e+09, 4.35487e+09, 5.3062e+09, 2.88232e+09, 7.61686e+09, 5.42624e+09, 2.73211e+09, 1.37956e+09, 4.33874e+09, 7.18464e+08, 1.58825e+09, 6.21782e+09, 4.91002e+09, 3.78012e+09, 5.03284e+09, 2.31475e+09, 6.58328e+09, 7.05277e+09, 8.81714e+06, 5.94251e+09, 3.11133e+09, 1.33859e+09, 5.00059e+09, 5.01791e+09, 7.11389e+09, 2.77984e+09
2, 2, 10, 5.05027e+09, 2.79303e+09, 4.67211e+09, 4.44272e+09, 4.8718e+09, 5.46747e+09, 3.05772e+09, 8.19776e+09, 4.66894e+09, 3.10396e+09, 1.35755e+09, 4.63771e+09, 7.33398e+08, 1.99361e+09, 6.04854e+09, 5.03235e+09, 4.11251e+09, 5.0236e+09, 2.61693e+09, 5.46946e+09, 7.86025e+09, 9.93883e+06, 5.97461e+09, 3.27736e+09, 1.35806e+09, 5.06145e+09, 4.49813e+09, 5.8498e+09, 2.90683e+09
2, 2, 11, 4.83503e+09, 2.86119e+09, 4.72615e+09, 3.95173e+09, 5.27075e+09, 5.54289e+09, 2.78748e+09, 5.2263e+09, 5.39657e+09, 3.43278e+09, 1.2135e+09, 4.79543e+09, 1.41367e+08, 2.10179e+09, 4.9595e+09, 4.99226e+09, 4.47346e+09, 6.0012e+09, 2.83585e+09, 6.27373e+09, 8.48381e+09, 1.80245e+06, 6.18427e+09, 3.22179e+09, 1.21944e+09, 5.17757e+09, 3.59314e+09, 8.43628e+09, 2.01673e+09
2, 2, 12, 5.13253e+09, 2.95726e+09, 4.67875e+09, 4.24436e+09, 3.73241e+09, 4.45436e+09, 2.83356e+09, 5.36782e+09, 5.6358e+09, 2.4815e+09, 1.20219e+09, 5.05406e+09, 5.21762e+08, 2.25542e+09, 5.22517e+09, 4.88854e+09, 4.74841e+09, 4.32002e+09, 2.05843e+09, 5.77322e+09, 8.92749e+09, 7.0677e+06, 6.1366e+09, 2.86261e+09, 1.12233e+09, 5.0579e+09, 3.79538e+09, 8.92208e+09, 2.00705e+09
2, 2, 13, 5.45931e+09, 2.34178e+09, 4.66668e+09, 4.54081e+09, 3.81451e+09, 4.34952e+09, 2.9252e+09, 5.79228e+09, 6.04468e+09, 2.51223e+09, 1.34046e+09, 4.30672e+09, 6.05092e+08, 1.77453e+09, 5.60575e+09, 4.93892e+09, 5.08651e+09, 4.5883e+09, 2.25139e+09, 5.9936e+09, 6.23497e+09, 8.87088e+06, 6.37669e+09, 2.84653e+09, 1.18785e+09, 5.14778e+09, 4.06268e+09, 9.49145e+09, 2.05615e+09
2, 2, 14, 5.60566e+09, 2.39804e+09, 4.66009e+09, 4.79032e+09, 3.82167e+09, 4.41854e+09, 2.41787e+09, 6.18222e+09, 6.36948e+09, 2.64586e+09, 1.52442e+09, 4.04674e+09, 6.88237e+08, 1.72109e+09, 5.86107e+09, 4.20592e+09, 5.40481e+09, 4.71176e+09, 2.41027e+09, 5.90288e+09, 6.31487e+09, 9.28088e+06, 6.31216e+09, 2.80988e+09, 1.24525e+09, 5.12675e+09, 4.27961e+09, 1.07426e+10, 2.11907e+09
2, 2, 15, 5.18253e+09, 2.59211e+09, 4.66052e+09, 5.10756e+09, 4.30428e+09, 4.6152e+09, 2.90045e+09, 6.5239e+09, 6.74346e+09, 2.69773e+09, 1.55185e+09, 4.24488e+09, 6.64846e+08, 1.77875e+09, 6.14345e+09, 4.30477e+09, 5.63289e+09, 5.00336e+09, 2.56529e+09, 6.01816e+09, 4.44247e+09, 9.32216e+06, 6.47084e+09, 2.18281e+09, 2.73894e+08, 5.15472e+09, 4.55108e+09, 7.47091e+09, 2.18239e+09
2, 2, 16, 6.52313e+09, 2.6785e+09, 4.31355e+09, 5.47552e+09, 4.7468e+09, 4.77056e+09, 2.51495e+09, 6.95134e+09, 7.07086e+09, 3.00047e+09, 1.57649e+09, 4.20112e+09, 6.49387e+08, 1.85495e+09, 6.30604e+09, 4.36975e+09, 5.84361e+09, 5.26504e+09, 2.66514e+09, 6.19299e+09, 6.29841e+09, 9.14969e+06, 6.6454e+09, 2.10239e+09, 8.72084e+08, 5.16456e+09, 4.96911e+09, 7.05333e+09, 2.19129e+09
2, 2, 17, 5.60917e+09, 2.67522e+09, 4.3514e+09, 5.66302e+09, 5.02553e+09, 5.09122e+09, 2.84269e+09, 7.41696e+09, 6.41526e+09, 3.18177e+09, 1.55093e+09, 1.65988e+09, 6.79869e+08, 1.89348e+09, 6.11835e+09, 4.51364e+09, 6.21544e+09, 4.75673e+09, 2.85569e+09, 6.53104e+09, 6.75974e+09, 8.99754e+06, 6.56647e+09, 2.76351e+09, 1.20716e+09, 4.59293e+09, 4.12008e+09, 7.28678e+09, 2.25406e+09
2, 2, 18, 5.51196e+09, 2.98554e+09, 4.32017e+09, 6.08332e+09, 5.16998e+09, 5.40686e+09, 2.64229e+09, 6.35873e+09, 7.65603e+09, 3.34413e+09, 1.5346e+09, 3.75056e+09, 6.8709e+08, 1.98149e+09, 6.40228e+09, 4.6292e+09, 6.26885e+09, 5.7552e+09, 2.79451e+09, 6.83371e+09, 7.12378e+09, 8.94609e+06, 6.27015e+09, 2.95437e+09, 1.16326e+09, 4.33575e+09, 5.35198e+09, 7.63735e+09, 2.29925e+09
2, 2, 19, 5.33027e+09, 3.13407e+09, 4.11868e+09, 6.30509e+09, 5.50993e+09, 5.51093e+09, 2.76676e+09, 7.92438e+09, 8.18817e+09, 3.51634e+09, 1.5839e+09, 4.24429e+09, 6.72438e+08, 2.01899e+09, 6.36699e+09, 4.74502e+09, 6.51196e+09, 6.21904e+09, 3.12393e+09, 7.12991e+09, 7.29082e+09, 8.44446e+06, 6.36858e+09, 2.85438e+09, 1.15936e+09, 4.35112e+09, 5.8186e+09, 7.88384e+09, 2.35348e+09
2, 2, 20, 5.34848e+09, 3.21446e+09, 4.2215e+09, 6.55798e+09, 5.67378e+09, 5.51012e+09, 2.82705e+09, 8.40021e+09, 8.58723e+09, 3.67069e+09, 1.60668e+09, 4.41069e+09, 6.35629e+08, 2.05815e+09, 6.23212e+09, 4.84102e+09, 6.9479e+09, 6.47529e+09, 3.26811e+09, 7.52684e+09, 7.79671e+09, 7.7816e+06, 5.94635e+09, 3.03505e+09, 1.20554e+09, 4.51635e+09, 6.01465e+09, 8.36244e+09, 2.38354e+09
2, 2, 21, 5.69014e+09, 3.20087e+09, 4.2892e+09, 6.6593e+09, 6.00853e+09, 5.54197e+09, 2.819e+09, 1.74054e+09, 6.71881e+09, 3.81644e+09, 2.41078e+06, 4.44913e+09, 6.69923e+08, 1.97865e+09, 6.334e+09, 4.90054e+09, 7.76359e+08, 6.83867e+09, 3.39035e+09, 7.86804e+09, 8.01574e+09, 8.60831e+06, 5.89196e+09, 2.03781e+09, 1.16205e+09, 4.62175e+09, 6.3559e+09, 8.74941e+09, 2.41925e+09
2, 2, 22, 5.59389e+09, 3.03506e+09, 4.35738e+09, 3.25662e+09, 6.14787e+09, 5.56399e+09, 2.94146e+09, 1.50202e+09, 1.59817e+09, 2.35791e+09, 1.35711e+07, 4.63134e+09, 5.79964e+08, 2.10037e+09, 6.77883e+09, 4.89892e+09, 3.95055e+08, 3.71893e+09, 3.51053e+09, 1.567e+09, 8.28112e+09, 7.93973e+06, 5.93043e+09, 2.56878e+09, 1.34166e+07, 4.72207e+09, 6.36963e+09, 9.06207e+09, 2.45152e+09
2, 2, 23, 5.45258e+09, 3.18896e+09, 4.41265e+09, 2.96509e+09, 6.33977e+09, 5.58345e+09, 3.02057e+09, 9.29408e+08, 6.34663e+09, 3.92013e+09, 1.16858e+08, 2.09997e+08, 1.50659e+07, 2.10531e+09, 7.32158e+09, 4.77695e+09, 2.41015e+08, 2.04499e+09, 3.64587e+09, 6.08599e+08, 2.425e+09, 257347, 6.00644e+09, 4.41002e+07, 1.16725e+08, 4.86299e+09, 6.62344e+09, 8.91804e+09, 1.39187e+09
2, 2, 24, 5.798e+09, 3.02227e+09, 4.27654e+09, 1.8232e+09, 6.54577e+09, 5.51062e+09, 3.0857e+09, 8.71145e+08, 3.41473e+09, 4.33994e+09, 5.49783e+08, 1.45353e+09, 1.45618e+07, 2.17951e+09, 7.28287e+09, 4.88976e+09, 3.42812e+08, 7.07622e+08, 3.85743e+09, 8.83926e+08, 6.59143e+09, 1.8625e+06, 6.05149e+09, 3.93014e+07, 5.91498e+08, 4.89519e+09, 6.90454e+09, 9.20116e+09, 1.36387e+09
2, 2, 25, 5.94189e+09, 3.41827e+09, 4.30714e+09, 2.92576e+09, 6.8491e+09, 5.50594e+09, 3.20414e+09, 6.99381e+08, 1.58494e+09, 4.62471e+09, 8.97687e+08, 2.09206e+08, 1.44369e+07, 2.23386e+09, 7.54197e+09, 4.86714e+09, 3.60725e+08, 3.95275e+09, 4.08137e+09, 7.32894e+08, 1.31764e+09, 4.55765e+06, 6.14285e+09, 3.60123e+07, 8.13531e+08, 4.87559e+09, 7.3444e+09, 2.35088e+09, 2.27887e+09
2, 2, 26, 5.53217e+09, 3.51297e+09, 4.21087e+09, 7.29486e+09, 2.30312e+09, 5.43683e+09, 3.29841e+09, 7.23527e+08, 6.89244e+09, 4.78608e+09, 8.10191e+08, 1.91181e+08, 1.07331e+08, 2.26972e+09, 7.93918e+09, 4.87083e+09, 6.00693e+08, 7.53296e+09, 4.2839e+09, 1.21381e+09, 5.67215e+09, 4.98369e+06, 6.29728e+09, 4.94187e+07, 7.96163e+08, 4.73474e+09, 7.58868e+09, 7.74028e+09, 2.50002e+09
2, 2, 27, 5.84655e+09, 3.66804e+09, 4.3811e+09, 8.81761e+09, 2.18158e+09, 5.42573e+09, 3.26236e+09, 2.76842e+09, 3.07601e+09, 5.0669e+09, 9.53354e+08, 2.54089e+08, 5.28533e+07, 2.31925e+09, 8.61385e+09, 4.85782e+09, 3.78858e+08, 8.50675e+09, 4.04618e+09, 7.27862e+08, 8.88874e+09, 5.3853e+06, 6.37332e+09, 3.78057e+08, 1.06483e+09, 4.77527e+09, 7.90967e+09, 8.00271e+09, 2.51271e+09
2, 2, 28, 5.14668e+09, 3.81492e+09, 4.43981e+09, 7.90566e+09, 1.2258e+09, 5.38036e+09, 3.18193e+09, 7.6138e+08, 2.93151e+09, 4.85752e+09, 8.97397e+08, 1.62931e+09, 3.20723e+07, 2.39213e+09, 9.13486e+09, 4.84081e+09, 1.699e+08, 8.81204e+09, 4.67755e+09, 1.20224e+09, 9.45236e+09, 288379, 6.33132e+09, 1.09874e+09, 9.08546e+08, 4.78091e+09, 8.18754e+09, 1.05575e+09, 2.5606e+09
2, 2, 29, 4.74942e+09, 3.94406e+09, 4.45072e+09, 9.38531e+09, 2.06084e+09, 5.3969e+09, 3.10713e+09, 7.71988e+08, 1.59296e+09, 5.26946e+09, 1.16883e+09, 4.19632e+08, 1.05157e+08, 2.44591e+09, 9.73485e+09, 4.92782e+09, 3.05365e+08, 9.10309e+09, 4.87819e+09, 7.2804e+08, 4.8237e+09, 2.00093e+06, 6.21554e+09, 1.2962e+09, 2.33935e+08, 4.85915e+09, 6.06298e+09, 1.66014e+09, 2.55374e+09
2, 2, 30, 5.92894e+09, 4.05639e+09, 4.31446e+09, 9.71062e+09, 1.24714e+09, 5.2915e+09, 3.57694e+09, 4.67325e+08, 2.59853e+09, 5.75842e+09, 1.17571e+09, 2.2002e+09, 2.25595e+07, 2.4896e+09, 1.00752e+10, 6.56943e+09, 2.15479e+08, 9.30024e+09, 4.96219e+09, 1.21891e+09, 9.1542e+09, 204193, 5.9112e+09, 1.32073e+09, 7.60621e+08, 4.90568e+09, 8.33562e+09, 8.37287e+08, 2.57455e+09
2, 2, 31, 2.80057e+08, 3.72996e+09, 4.56207e+09, 1.01059e+10, 1.58155e+09, 5.25069e+09, 3.16927e+09, 1.16777e+09, 1.57473e+09, 6.08558e+09, 9.97344e+08, 2.09933e+08, 5.81265e+07, 2.56154e+09, 1.04017e+10, 6.86062e+09, 2.26836e+08, 9.54718e+09, 5.5065e+09, 1.23035e+09, 1.02701e+10, 1.55385e+06, 6.58899e+09, 1.50198e+09, 8.04995e+08, 4.92953e+09, 8.77629e+09, 5.22974e+08, 2.57027e+09
2, 2, 32, 1.31083e+08, 3.48778e+09, 4.50559e+09, 1.07948e+10, 1.36577e+09, 5.23162e+09, 3.3038e+09, 1.21932e+09, 5.62131e+09, 6.32225e+09, 4.19717e+07, 4.23454e+08, 7.14551e+07, 2.61442e+09, 1.04169e+10, 6.88431e+09, 1.72312e+08, 1.00618e+10, 5.71578e+09, 1.23822e+09, 1.01756e+10, 4.75257e+06, 6.77871e+09, 1.51566e+09, 7.9875e+08, 4.99798e+09, 3.03498e+09, 1.30616e+09, 2.58858e+09
2, 2, 33, 1.07994e+09, 3.80424e+09, 4.8885e+09, 1.10302e+10, 1.7978e+09, 5.23117e+09, 3.7722e+09, 7.66077e+08, 1.19042e+10, 6.58832e+09, 3.11119e+08, 4.61922e+08, 1.94679e+07, 2.65782e+09, 1.16494e+10, 6.88302e+09, 1.6809e+08, 1.02411e+10, 5.958e+09, 1.35367e+09, 1.03122e+10, 6.6209e+06, 6.76852e+09, 1.51147e+09, 9.19402e+08, 5.03015e+09, 7.69636e+09, 5.36795e+08, 2.63435e+09
2, 2, 34, 3.81417e+09, 3.89661e+09, 4.97519e+09, 1.15867e+10, 1.83947e+09, 5.2417e+09, 4.34672e+09, 1.19823e+09, 3.0965e+09, 6.82473e+09, 4.1544e+07, 1.01098e+09, 1.81651e+07, 2.6997e+09, 1.1646e+10, 6.8269e+09, 2.612e+08, 1.05346e+10, 6.27185e+09, 9.83304e+08, 1.05453e+10, 6.02193e+06, 6.45012e+09, 1.53055e+09, 6.08517e+08, 4.99703e+09, 1.94194e+09, 1.29992e+09, 2.67104e+09
2, 2, 35, 5.11888e+09, 3.90612e+09, 4.97646e+09, 1.15282e+10, 1.64336e+09, 5.23655e+09, 4.33053e+09, 1.22434e+09, 2.90263e+09, 6.20128e+09, 3.08354e+08, 2.07265e+08, 1.32671e+08, 2.75861e+09, 1.19619e+10, 6.69212e+09, 1.71556e+08, 1.07978e+10, 6.52269e+09, 8.92802e+08, 1.0871e+10, 400778, 6.59907e+09, 6.21081e+08, 8.56914e+08, 4.9942e+09, 8.0562e+08, 8.27225e+08, 2.67163e+09
2, 2, 36, 5.18427e+09, 3.71875e+09, 4.96965e+09, 1.20519e+10, 1.22774e+09, 5.1961e+09, 4.28321e+09, 1.03923e+09, 1.60784e+09, 6.94677e+09, 1.01149e+08, 1.91783e+08, 2.06247e+07, 2.75651e+09, 1.17012e+10, 6.86765e+09, 3.19488e+08, 8.04065e+09, 6.78392e+09, 7.01968e+08, 2.06062e+09, 119314, 6.57451e+09, 1.31105e+09, 7.45877e+08, 4.94672e+09, 7.59582e+08, 7.98548e+08, 2.69828e+09
2, 2, 37, 5.29371e+09, 3.7293e+09, 4.95755e+09, 7.33426e+09, 1.37065e+09, 5.13748e+09, 4.44817e+09, 1.21262e+09, 7.9966e+09, 7.38297e+09, 5.09631e+07, 1.40329e+09, 1.8857e+07, 2.85129e+09, 1.18781e+10, 6.91524e+09, 2.21846e+09, 1.0766e+10, 7.02387e+09, 1.32057e+09, 9.97016e+08, 200452, 6.48471e+09, 1.48186e+09, 8.25436e+08, 4.91529e+09, 1.34534e+09, 3.01246e+09, 2.69272e+09
2, 2, 38, 5.43278e+09, 3.69893e+09, 4.94989e+09, 1.19496e+10, 1.76669e+09, 5.12118e+09, 4.52093e+09, 9.19588e+08, 1.38301e+10, 7.54771e+09, 3.89247e+07, 2.58541e+08, 5.15939e+07, 2.9327e+09, 1.19346e+10, 6.88388e+09, 5.62834e+09, 1.1483e+10, 7.25871e+09, 7.23241e+08, 1.0118e+09, 200231, 6.50598e+09, 1.47874e+09, 7.24419e+08, 4.82194e+09, 1.46141e+09, 9.46643e+08, 2.72568e+09
2, 2, 39, 5.56868e+09, 3.68155e+09, 4.93106e+09, 1.28947e+10, 1.37097e+09, 5.07866e+09, 4.60013e+09, 5.67445e+09, 1.52535e+10, 7.70603e+09, 3.81276e+07, 1.67741e+09, 2.49438e+08, 3.03438e+09, 1.11218e+10, 6.76532e+09, 6.54659e+09, 1.18155e+10, 7.42691e+09, 1.31612e+09, 3.53771e+09, 495661, 6.62898e+09, 1.55569e+09, 7.8616e+08, 4.91535e+09, 1.47267e+09, 1.20255e+09, 2.71416e+09
2, 2, 40, 5.46489e+09, 3.24622e+09, 4.92275e+09, 1.3215e+10, 1.34216e+09, 5.02234e+09, 4.44871e+09, 1.16781e+10, 1.58286e+10, 7.73913e+09, 1.84439e+07, 2.09569e+08, 3.88116e+08, 3.09618e+09, 1.20166e+10, 6.78111e+09, 7.21791e+09, 1.19009e+10, 7.62038e+09, 7.55824e+08, 1.4201e+09, 2.16153e+06, 6.60326e+09, 1.55228e+09, 6.91491e+08, 4.89982e+09, 1.47747e+09, 8.22028e+08, 2.67836e+09
3, 1, 1,8.97e+09,3.04199e+09,2.89163e+10,-1,4.19771e+09,2.95509e+10,8.28069e+09,3.05478e+09,2.21653e+10,5.25752e+09,-1,1.79192e+09,5.16569e+08,-1,3.37012e+10,2.8627e+10,1.41859e+09,8.13161e+09,1.43975e+10,8.71364e+09,1.71389e+10,8.98851e+06,3.86768e+10,7.17832e+07,1.8563e+08,4.11573e+10,3.02427e+09,1.14747e+10,-1
3, 2, 1,9.54015e+09,2.7001e+09,2.66281e+10,4.21554e+09,6.40742e+09,3.42332e+10,7.79984e+09,2.88612e+09,2.4698e+10,5.03562e+09,3.67156e+08,5.76126e+09,8.13614e+08,2.9723e+09,2.03562e+10,2.95704e+10,1.47169e+09,7.63154e+09,2.15442e+10,1.51345e+10,2.4167e+10,1.0256e+07,5.05e+10,9.33647e+07,2.35688e+08,4.90723e+10,3.08646e+09,1.12541e+10,5.38906e+09
